{"cameraMode":{"drawMode":0,"name":"Shaded","section":"Shading Mode"},"sceneLighting":true,"audioPlay":false,"sceneViewState":{"showFog":true,"showMaterialUpdate":false,"showSkybox":false,"showFlares":true,"showImageEffects":true,"showParticleSystems":true},"in2DMode":false,"pivot":{"x":-191.39857482910157,"y":-109.35870361328125,"z":-345.861083984375},"rotation":{"x":0.06748754531145096,"y":-0.930241584777832,"z":0.21909451484680177,"w":0.28652578592300417},"size":306.27203369140627,"orthographic":false}