{"cameraMode":{"drawMode":0,"name":"Shaded","section":"Shading Mode"},"sceneLighting":true,"audioPlay":false,"sceneViewState":{"showFog":true,"showMaterialUpdate":false,"showSkybox":true,"showFlares":true,"showImageEffects":true,"showParticleSystems":true},"in2DMode":false,"pivot":{"x":20.59300422668457,"y":2.549999952316284,"z":19.378995895385743},"rotation":{"x":-0.060041673481464389,"y":-0.9250649213790894,"z":0.16489431262016297,"w":-0.33684027194976809},"size":21.844274520874025,"orthographic":false}